{
  "replay_path": "data_from_submission/replays/episode-84817357-replay.json",
  "episode_id": 84817357,
  "teams": [
    "Lapra5",
    "Jiachen Li"
  ],
  "rewards": [
    1,
    -1
  ],
  "steps": 110,
  "agent_observations": 220,
  "no_current": 4,
  "no_select": 4,
  "parser_errors": [],
  "unknown_card_instances": 2214,
  "unique_observed_card_ids": 30,
  "unique_visible_card_ids": 30,
  "value_summaries": {
    "attached_instances": {
      "count": 220,
      "mean": 5.545454545454546,
      "p50": 6.0,
      "p90": 11.0,
      "p99": 12.0,
      "max": 14.0
    },
    "events": {
      "count": 220,
      "mean": 5.922727272727273,
      "p50": 1.0,
      "p90": 10.0,
      "p99": 49.0,
      "max": 49.0
    },
    "hidden_instances": {
      "count": 220,
      "mean": 10.063636363636364,
      "p50": 11.0,
      "p90": 12.0,
      "p99": 12.0,
      "max": 12.0
    },
    "instances": {
      "count": 220,
      "mean": 48.67727272727273,
      "p50": 53.0,
      "p90": 77.0,
      "p99": 88.0,
      "max": 91.0
    },
    "options": {
      "count": 220,
      "mean": 4.545454545454546,
      "p50": 3.0,
      "p90": 7.0,
      "p99": 25.0,
      "max": 26.0
    },
    "pokemon_instances": {
      "count": 220,
      "mean": 6.236363636363636,
      "p50": 6.0,
      "p90": 9.0,
      "p99": 9.0,
      "max": 9.0
    },
    "recent_events": {
      "count": 220,
      "mean": 15.636363636363637,
      "p50": 16.0,
      "p90": 16.0,
      "p99": 16.0,
      "max": 16.0
    },
    "static_ability_count": {
      "count": 8495,
      "mean": 0.7443201883460859,
      "p50": 1.0,
      "p90": 1.0,
      "p99": 1.0,
      "max": 1.0
    },
    "static_attack_count": {
      "count": 8495,
      "mean": 0.42695703354914655,
      "p50": 0.0,
      "p90": 1.0,
      "p99": 2.0,
      "max": 2.0
    },
    "static_detail_count": {
      "count": 8495,
      "mean": 1.8274278987639787,
      "p50": 2.0,
      "p90": 2.0,
      "p99": 4.0,
      "max": 4.0
    },
    "static_effect_count": {
      "count": 8495,
      "mean": 0.6561506768687463,
      "p50": 1.0,
      "p90": 1.0,
      "p99": 2.0,
      "max": 3.0
    },
    "token_estimate": {
      "count": 220,
      "mean": 69.31363636363636,
      "p50": 74.0,
      "p90": 98.0,
      "p99": 109.0,
      "max": 112.0
    },
    "visible_instances": {
      "count": 220,
      "mean": 38.61363636363637,
      "p50": 42.0,
      "p90": 68.0,
      "p99": 81.0,
      "max": 84.0
    }
  },
  "counters": {
    "agent": [
      [
        0,
        110
      ],
      [
        1,
        110
      ]
    ],
    "area": [
      [
        3,
        3853
      ],
      [
        6,
        2205
      ],
      [
        2,
        1931
      ],
      [
        5,
        1012
      ],
      [
        10,
        701
      ],
      [
        8,
        519
      ],
      [
        4,
        369
      ],
      [
        7,
        94
      ],
      [
        12,
        25
      ]
    ],
    "event_has_card_id": [
      [
        1,
        878
      ],
      [
        0,
        425
      ]
    ],
    "event_reverse": [
      [
        0,
        1026
      ],
      [
        1,
        277
      ]
    ],
    "event_type": [
      [
        6,
        428
      ],
      [
        4,
        202
      ],
      [
        5,
        197
      ],
      [
        10,
        87
      ],
      [
        7,
        80
      ],
      [
        0,
        64
      ],
      [
        15,
        49
      ],
      [
        16,
        49
      ],
      [
        1,
        44
      ],
      [
        11,
        41
      ],
      [
        12,
        22
      ],
      [
        2,
        21
      ],
      [
        3,
        19
      ]
    ],
    "option_has_attack_id": [
      [
        1,
        24
      ]
    ],
    "option_type": [
      [
        3,
        347
      ],
      [
        7,
        207
      ],
      [
        8,
        135
      ],
      [
        14,
        120
      ],
      [
        9,
        113
      ],
      [
        12,
        33
      ],
      [
        13,
        24
      ],
      [
        1,
        9
      ],
      [
        2,
        9
      ],
      [
        10,
        3
      ]
    ],
    "result": [
      [
        -1,
        220
      ]
    ],
    "select_context": [
      [
        0,
        120
      ],
      [
        7,
        61
      ],
      [
        1,
        11
      ],
      [
        43,
        8
      ],
      [
        4,
        5
      ],
      [
        -1,
        4
      ],
      [
        21,
        3
      ],
      [
        37,
        2
      ],
      [
        22,
        2
      ],
      [
        41,
        1
      ],
      [
        5,
        1
      ],
      [
        8,
        1
      ],
      [
        9,
        1
      ]
    ],
    "select_type": [
      [
        0,
        120
      ],
      [
        1,
        85
      ],
      [
        9,
        9
      ],
      [
        -1,
        4
      ],
      [
        7,
        2
      ]
    ],
    "zone": [
      [
        "discard",
        3853
      ],
      [
        "prize",
        2205
      ],
      [
        "hand",
        1931
      ],
      [
        "bench",
        1012
      ],
      [
        "bench.pre_evolution",
        433
      ],
      [
        "active",
        369
      ],
      [
        "bench.energy",
        286
      ],
      [
        "active.pre_evolution",
        268
      ],
      [
        "active.energy",
        233
      ],
      [
        "stadium",
        94
      ],
      [
        "looking",
        25
      ]
    ]
  },
  "top_visible_card_ids": [
    [
      "1152",
      906
    ],
    [
      "741",
      774
    ],
    [
      "1185",
      447
    ],
    [
      "8",
      438
    ],
    [
      "743",
      413
    ],
    [
      "305",
      359
    ],
    [
      "169",
      344
    ],
    [
      "1122",
      342
    ],
    [
      "742",
      339
    ],
    [
      "1244",
      331
    ],
    [
      "1225",
      315
    ],
    [
      "190",
      288
    ],
    [
      "1231",
      287
    ],
    [
      "1121",
      279
    ],
    [
      "19",
      273
    ],
    [
      "1079",
      272
    ],
    [
      "1081",
      259
    ],
    [
      "5",
      257
    ],
    [
      "1097",
      252
    ],
    [
      "1086",
      233
    ],
    [
      "57",
      213
    ],
    [
      "1182",
      204
    ],
    [
      "666",
      158
    ],
    [
      "1227",
      145
    ],
    [
      "1147",
      109
    ],
    [
      "1184",
      71
    ],
    [
      "1129",
      67
    ],
    [
      "13",
      61
    ],
    [
      "66",
      36
    ],
    [
      "1213",
      23
    ]
  ],
  "top_observed_card_ids": [
    [
      "1152",
      906
    ],
    [
      "741",
      774
    ],
    [
      "1185",
      447
    ],
    [
      "8",
      438
    ],
    [
      "743",
      413
    ],
    [
      "305",
      359
    ],
    [
      "169",
      344
    ],
    [
      "1122",
      342
    ],
    [
      "742",
      339
    ],
    [
      "1244",
      331
    ],
    [
      "1225",
      315
    ],
    [
      "190",
      288
    ],
    [
      "1231",
      287
    ],
    [
      "1121",
      279
    ],
    [
      "19",
      273
    ],
    [
      "1079",
      272
    ],
    [
      "1081",
      259
    ],
    [
      "5",
      257
    ],
    [
      "1097",
      252
    ],
    [
      "1086",
      233
    ],
    [
      "57",
      213
    ],
    [
      "1182",
      204
    ],
    [
      "666",
      158
    ],
    [
      "1227",
      145
    ],
    [
      "1147",
      109
    ],
    [
      "1184",
      71
    ],
    [
      "1129",
      67
    ],
    [
      "13",
      61
    ],
    [
      "66",
      36
    ],
    [
      "1213",
      23
    ]
  ]
}
